{"cameraMode":{"drawMode":0,"name":"Shaded","section":"Shading Mode"},"sceneLighting":false,"audioPlay":false,"sceneViewState":{"showFog":true,"showMaterialUpdate":false,"showSkybox":true,"showFlares":true,"showImageEffects":true,"showParticleSystems":true},"in2DMode":false,"pivot":{"x":0.047328948974609378,"y":15.400425910949707,"z":0.0},"rotation":{"x":-0.11683924496173859,"y":0.40576329827308657,"z":-0.052387166768312457,"w":-0.9049643278121948},"size":62.65791702270508,"orthographic":false}