{"cameraMode":{"drawMode":0,"name":"Shaded","section":"Shading Mode"},"sceneLighting":false,"audioPlay":false,"sceneViewState":{"showFog":true,"showMaterialUpdate":false,"showSkybox":true,"showFlares":true,"showImageEffects":true,"showParticleSystems":true},"in2DMode":false,"pivot":{"x":-315.37432861328127,"y":-161.0444793701172,"z":747.3880615234375},"rotation":{"x":-0.220565527677536,"y":0.38857224583625796,"z":-0.09629077464342118,"w":-0.8896185755729675},"size":429.8984680175781,"orthographic":false}