{"cameraMode":{"drawMode":0,"name":"Shaded","section":"Shading Mode"},"sceneLighting":false,"audioPlay":false,"sceneViewState":{"showFog":true,"showMaterialUpdate":false,"showSkybox":true,"showFlares":true,"showImageEffects":true,"showParticleSystems":true},"in2DMode":false,"pivot":{"x":0.000011444091796875,"y":22.499984741210939,"z":9.08987808227539},"rotation":{"x":0.20230193436145783,"y":0.6237481236457825,"z":-0.17162665724754334,"w":0.7352254390716553},"size":429.8984375,"orthographic":false}