{"cameraMode":{"drawMode":0,"name":"Shaded","section":"Shading Mode"},"sceneLighting":false,"audioPlay":false,"sceneViewState":{"showFog":true,"showMaterialUpdate":false,"showSkybox":true,"showFlares":true,"showImageEffects":true,"showParticleSystems":true},"in2DMode":false,"pivot":{"x":0.0000286102294921875,"y":19.999969482421876,"z":-300.0001220703125},"rotation":{"x":-0.0030993055552244188,"y":0.9777862429618836,"z":-0.03157050535082817,"w":-0.20932835340499879},"size":429.8985900878906,"orthographic":false}