{"cameraMode":{"drawMode":0,"name":"Shaded","section":"Shading Mode"},"sceneLighting":false,"audioPlay":false,"sceneViewState":{"showFog":true,"showMaterialUpdate":false,"showSkybox":true,"showFlares":true,"showImageEffects":true,"showParticleSystems":true},"in2DMode":false,"pivot":{"x":6.874817371368408,"y":2.7061209678649904,"z":2.693605899810791},"rotation":{"x":0.000843530404381454,"y":0.9941099286079407,"z":-0.10809583961963654,"w":0.007754471618682146},"size":4.595057964324951,"orthographic":false}