{"cameraMode":{"drawMode":0,"name":"Shaded","section":"Shading Mode"},"sceneLighting":false,"audioPlay":false,"sceneViewState":{"showFog":true,"showMaterialUpdate":false,"showSkybox":true,"showFlares":true,"showImageEffects":true,"showParticleSystems":true},"in2DMode":false,"pivot":{"x":37.04533004760742,"y":-33.82902908325195,"z":365.8150329589844},"rotation":{"x":-0.12472762912511826,"y":-0.541133463382721,"z":0.0770215094089508,"w":-0.8286036252975464},"size":246.2335968017578,"orthographic":false}