{"cameraMode":{"drawMode":0,"name":"Shaded","section":"Shading Mode"},"sceneLighting":false,"audioPlay":false,"sceneViewState":{"showFog":true,"showMaterialUpdate":false,"showSkybox":true,"showFlares":true,"showImageEffects":true,"showParticleSystems":true},"in2DMode":false,"pivot":{"x":9.0,"y":0.5000007152557373,"z":75.00550842285156},"rotation":{"x":0.16074316203594209,"y":0.5364828705787659,"z":-0.10030705481767655,"w":0.8228654861450195},"size":28.74658966064453,"orthographic":false}