{"cameraMode":{"drawMode":0,"name":"Shaded","section":"Shading Mode"},"sceneLighting":false,"audioPlay":false,"sceneViewState":{"showFog":true,"showMaterialUpdate":false,"showSkybox":true,"showFlares":true,"showImageEffects":true,"showParticleSystems":true},"in2DMode":false,"pivot":{"x":-19.57665252685547,"y":0.7833243608474731,"z":2.2188527584075929},"rotation":{"x":-0.11756592243909836,"y":0.8081437945365906,"z":-0.17251145839691163,"w":-0.550746500492096},"size":54.11392593383789,"orthographic":false}