{"cameraMode":{"drawMode":0,"name":"Shaded","section":"Shading Mode"},"sceneLighting":false,"audioPlay":false,"sceneViewState":{"showFog":true,"showMaterialUpdate":false,"showSkybox":true,"showFlares":true,"showImageEffects":true,"showParticleSystems":true},"in2DMode":false,"pivot":{"x":-14.629834175109864,"y":-0.2593560218811035,"z":0.96380615234375},"rotation":{"x":-0.07794725894927979,"y":0.8453533053398132,"z":-0.12854203581809998,"w":-0.5126197338104248},"size":25.309436798095704,"orthographic":false}