{"cameraMode":{"drawMode":0,"name":"Shaded","section":"Shading Mode"},"sceneLighting":false,"audioPlay":false,"sceneViewState":{"showFog":true,"showMaterialUpdate":false,"showSkybox":true,"showFlares":true,"showImageEffects":true,"showParticleSystems":true},"in2DMode":false,"pivot":{"x":5.784040451049805,"y":4.867021560668945,"z":6.656886577606201},"rotation":{"x":-0.10095161944627762,"y":0.8033734560012817,"z":-0.142457976937294,"w":-0.5693028569221497},"size":25.3094482421875,"orthographic":false}