{"cameraMode":{"drawMode":0,"name":"Shaded","section":"Shading Mode"},"sceneLighting":false,"audioPlay":false,"sceneViewState":{"showFog":true,"showMaterialUpdate":false,"showSkybox":true,"showFlares":true,"showImageEffects":true,"showParticleSystems":true},"in2DMode":false,"pivot":{"x":0.20309066772460938,"y":-0.03754878044128418,"z":0.0},"rotation":{"x":-0.15684393048286439,"y":0.5054667592048645,"z":-0.09401647001504898,"w":-0.8432462811470032},"size":66.4508056640625,"orthographic":false}