{"cameraMode":{"drawMode":0,"name":"Shaded","section":"Shading Mode"},"sceneLighting":false,"audioPlay":false,"sceneViewState":{"showFog":true,"showMaterialUpdate":false,"showSkybox":true,"showFlares":true,"showImageEffects":true,"showParticleSystems":true},"in2DMode":false,"pivot":{"x":6.790375232696533,"y":1.5276767015457154,"z":1.237188458442688},"rotation":{"x":0.0972188264131546,"y":-0.6054097414016724,"z":0.07484399527311325,"w":0.7864006161689758},"size":6.09811544418335,"orthographic":false}